Container,Orders,Weight_Used,Volume_Used,Pallets_Used,Weight_Utilization_%,Volume_Utilization_%,Pallet_Utilization_%,Remaining_Weight,Remaining_Volume,Remaining_Pallets
1,"[11081410, 20788539]",42439,3543,34,94.30888888888887,98.41666666666666,56.66666666666666,2561,57,26
2,"[12457109, 44854259, 74386323]",44528,3549,17,98.95111111111112,98.58333333333331,28.33333333333333,472,51,43
3,"[12690246, 37289053]",44776,3479,60,99.50222222222224,96.63888888888889,100,224,121,0
4,"[13510271, 61932441]",43346,3380,25,96.32444444444444,93.88888888888889,41.66666666666667,1654,220,35
5,"[14124504, 95904906]",44154,3540,40,98.12,98.33333333333331,66.66666666666666,846,60,20
6,"[14529976, 36424766]",44315,3396,24,98.47777777777776,94.33333333333334,40,685,204,36
7,"[14879080, 75802557]",44483,3490,49,98.85111111111112,96.94444444444444,81.66666666666667,517,110,11
8,"[15002933, 70569492]",44111,3576,27,98.02444444444444,99.33333333333331,45,889,24,33
9,"[19784887, 77378782]",44677,3217,38,99.28222222222225,89.36111111111111,63.33333333333333,323,383,22
10,"[19960762, 20772005]",44461,3002,41,98.80222222222224,83.38888888888889,68.33333333333333,539,598,19
11,"[20107277, 52441203]",43788,3387,43,97.30666666666666,94.08333333333331,71.66666666666667,1212,213,17
12,"[20156306, 31425820]",44634,2769,40,99.18666666666668,76.91666666666667,66.66666666666666,366,831,20
13,"[22036703, 50495145]",41297,3523,38,91.77111111111113,97.86111111111111,63.33333333333333,3703,77,22
14,"[23167017, 28236433, 83528024]",44659,3550,59,99.24222222222222,98.61111111111111,98.33333333333331,341,50,1
15,"[23497111, 32333482, 83356749]",44252,3543,52,98.33777777777776,98.41666666666666,86.66666666666667,748,57,8
16,"[16325611, 25563448, 67932493]",44914,3359,57,99.80888888888887,93.30555555555556,95,86,241,3
17,"[27309735, 33852188]",44900,3571,49,99.77777777777776,99.19444444444444,81.66666666666667,100,29,11
18,"[27722306, 85546087]",43210,3375,40,96.02222222222224,93.75,66.66666666666666,1790,225,20
19,"[28502512, 73960768]",44840,2696,36,99.64444444444445,74.88888889,60,160,904,24
20,"[30296598, 45749460]",44695,2759,35,99.32222222222222,76.63888888888889,58.333333333333336,305,841,25
21,"[30780646, 92961659]",43477,3450,49,96.61555555555556,95.83333333333334,81.66666666666667,1523,150,11
22,"[31253124, 31945570]",44920,3138,54,99.82222222222222,87.16666666666667,90,80,462,6
23,"[35376744, 75078490]",44915,2576,30,99.81111111,71.55555555555554,50,85,1024,30
24,"[14406549, 27251899, 36207520]",44739,3354,55,99.42,93.16666666666666,91.66666666666666,261,246,5
25,"[36254165, 40448732]",44311,3483,35,98.46888888888888,96.75,58.333333333333336,689,117,25
26,"[36590132, 36666143, 82346139]",44399,3501,44,98.66444444444444,97.25,73.33333333333333,601,99,16
27,"[16733966, 36718768, 77243638]",44982,3241,35,99.96,90.02777777777777,58.333333333333336,18,359,25
28,"[36765195, 39649842]",42085,3510,57,93.52222222,97.5,95,2915,90,3
29,"[36877335, 51781947]",42793,2816,57,95.09555555555556,78.22222222222223,95,2207,784,3
30,"[30959066, 37309170]",43815,3500,60,97.36666666666667,97.22222222,100,1185,100,0
31,"[21613210, 37782457]",44326,3599,33,98.50222222222224,99.97222222,55.00000000000001,674,1,27
32,"[38598075, 51343863]",44532,3444,55,98.96,95.66666666666669,91.66666666666666,468,156,5
33,"[40119012, 70822829, 84616750]",44829,3582,58,99.62,99.5,96.66666666666669,171,18,2
34,"[40526151, 83548990]",43522,3504,57,96.71555555555555,97.33333333333334,95,1478,96,3
35,"[43321603, 43870784]",43064,3306,19,95.69777778,91.83333333333331,31.666666666666664,1936,294,41
36,[45216707],43437,2317,23,96.52666666666669,64.36111111111111,38.333333333333336,1563,1283,37
37,"[45497232, 93864917]",44993,3271,52,99.98444444444443,90.86111111111111,86.66666666666667,7,329,8
38,"[45936276, 50040486]",44367,3596,50,98.59333333333332,99.88888889,83.33333333333334,633,4,10
39,"[34038888, 51184357, 65467592]",44833,3483,37,99.62888889,96.75,61.66666666666667,167,117,23
40,"[51539579, 52729504, 66229751]",44865,3513,59,99.7,97.58333333333331,98.33333333333331,135,87,1
41,"[54311718, 66432663]",44039,2983,51,97.86444444444444,82.86111111111111,85,961,617,9
42,"[56444787, 88588001]",44896,3564,46,99.76888888888888,99,76.66666666666667,104,36,14
43,"[56648786, 79892986]",44556,3159,54,99.01333333333334,87.75,90,444,441,6
44,"[58111127, 58747026, 59778766]",44057,3508,41,97.90444444444444,97.44444444444444,68.33333333333333,943,92,19
45,"[59741775, 64409390, 78658785]",44590,3447,54,99.08888888888887,95.75,90,410,153,6
46,"[60919573, 89884811]",44257,1330,29,98.34888888888888,36.94444444444444,48.333333333333336,743,2270,31
47,"[61171963, 79012550]",43974,1997,59,97.72,55.47222222222222,98.33333333333331,1026,1603,1
48,"[41573615, 61383030]",44567,3522,57,99.03777777777778,97.83333333333334,95,433,78,3
49,"[29831965, 40249893, 63281648]",44668,3489,45,99.26222222222222,96.91666666666666,75,332,111,15
50,"[58124079, 63586324, 98643627]",44760,3534,58,99.46666666666668,98.16666666666669,96.66666666666669,240,66,2
51,"[64944692, 68188408]",44841,3111,50,99.64666666666666,86.41666666666666,83.33333333333334,159,489,10
52,[66042029],42456,2858,48,94.34666666666666,79.38888888888889,80,2544,742,12
53,"[57321735, 66862380]",42446,3505,56,94.32444444444444,97.36111111111111,93.33333333333331,2554,95,4
54,"[68823411, 88185945]",41170,3294,59,91.48888888888888,91.5,98.33333333333331,3830,306,1
55,"[68895699, 85118671]",44211,3501,29,98.24666666666668,97.25,48.333333333333336,789,99,31
56,"[16722794, 69071649]",44786,3593,35,99.52444444444446,99.80555555555556,58.333333333333336,214,7,25
57,"[45285827, 70719331, 76899081]",43407,3588,46,96.46,99.66666666666669,76.66666666666667,1593,12,14
58,"[70923221, 80049001]",44652,3010,26,99.22666666666666,83.61111111111111,43.333333333333336,348,590,34
59,"[71562938, 88301013]",43175,3417,50,95.94444444444444,94.91666666666669,83.33333333333334,1825,183,10
60,"[72173616, 95984497]",41199,3390,42,91.55333333333331,94.16666666666669,70,3801,210,18
61,"[61726712, 72323382]",42917,2809,52,95.37111111,78.02777777777777,86.66666666666667,2083,791,8
62,"[60076044, 73085672]",44730,2621,53,99.4,72.80555555555556,88.33333333333333,270,979,7
63,"[36430693, 73831628]",42595,3563,38,94.65555555555557,98.97222222,63.33333333333333,2405,37,22
64,"[76273037, 84964768]",42343,3444,47,94.09555555555556,95.66666666666669,78.33333333333333,2657,156,13
65,"[40608333, 68588693, 76400344]",44785,2709,50,99.52222222222224,75.25,83.33333333333334,215,891,10
66,"[33279803, 76636214]",43182,3577,38,95.96,99.36111111111111,63.33333333333333,1818,23,22
67,"[69276729, 76839857]",44403,3399,14,98.67333333333332,94.41666666666669,23.33333333333333,597,201,46
68,"[78176677, 79333425]",44660,2885,59,99.24444444444444,80.13888888888889,98.33333333333331,340,715,1
69,"[40155118, 78334793, 91438554]",44766,3394,13,99.48,94.27777778,21.666666666666668,234,206,47
70,"[17786650, 79988590]",44469,3539,39,98.82,98.30555555555556,65,531,61,21
71,"[55524023, 81236707, 93816485]",44982,3476,60,99.96,96.55555555555554,100,18,124,0
72,"[76435473, 81289459, 83389159]",44749,3221,35,99.44222222222224,89.47222222222221,58.333333333333336,251,379,25
73,"[44409957, 82854414]",42458,3520,37,94.35111111111112,97.77777777777776,61.66666666666667,2542,80,23
74,"[83154690, 99380211]",43809,3132,29,97.35333333333334,87,48.333333333333336,1191,468,31
75,"[26162431, 83423741]",44533,3411,53,98.96222222222222,94.75,88.33333333333333,467,189,7
76,"[49770628, 83958965]",42446,3469,57,94.32444444444444,96.36111111111111,95,2554,131,3
77,"[78035773, 85296118]",44190,3160,53,98.2,87.77777777777777,88.33333333333333,810,440,7
78,"[22624161, 87981724]",44801,3577,54,99.55777777777776,99.36111111111111,90,199,23,6
79,"[42927021, 88195561]",44386,2977,40,98.63555555555556,82.69444444444444,66.66666666666666,614,623,20
80,"[88708842, 90427660]",44770,3346,25,99.48888889,92.94444444444444,41.66666666666667,230,254,35
81,"[79680751, 88821066]",43143,3516,46,95.87333333333332,97.66666666666669,76.66666666666667,1857,84,14
82,"[88960928, 89664243]",44322,2972,19,98.49333333333334,82.55555555555556,31.666666666666664,678,628,41
83,"[76429146, 90139478]",43551,3275,48,96.78,90.97222222,80,1449,325,12
84,"[43393299, 90629724]",44595,3411,29,99.1,94.75,48.333333333333336,405,189,31
85,"[88018618, 90748645]",42874,2953,33,95.27555555555556,82.02777777777777,55.00000000000001,2126,647,27
86,"[48140467, 49840994, 91690275]",44322,3535,60,98.49333333333334,98.19444444444444,100,678,65,0
87,"[20373439, 86187991, 91708989]",44729,3334,50,99.39777777777778,92.61111111111111,83.33333333333334,271,266,10
88,"[89309989, 92202565]",41741,3215,51,92.75777777777778,89.30555555555556,85,3259,385,9
89,"[86882948, 94342581]",43087,3396,58,95.74888888888889,94.33333333333334,96.66666666666669,1913,204,2
90,"[51413272, 95345587]",44162,3283,47,98.13777778,91.19444444444444,78.33333333333333,838,317,13
91,"[68109878, 85588445, 95634329]",43615,3506,59,96.92222222222222,97.38888888888889,98.33333333333331,1385,94,1
92,"[96536743, 97542908, 98786299]",44770,3596,58,99.48888889,99.88888889,96.66666666666669,230,4,2
93,"[30130235, 47977695, 96542602]",44349,3378,60,98.55333333333334,93.83333333333331,100,651,222,0
94,"[17692273, 43088944, 99082401]",44731,3464,58,99.40222222222222,96.22222222,96.66666666666669,269,136,2
95,"[16187387, 61477682]",44415,3434,50,98.7,95.38888888888889,83.33333333333334,585,166,10
96,"[22243992, 61730013]",44919,3493,40,99.82,97.02777778,66.66666666666666,81,107,20
97,"[40922712, 50972273, 93619372]",44911,3332,46,99.80222222222224,92.55555555555556,76.66666666666667,89,268,14
98,"[28032543, 28080104]",44784,3552,40,99.52,98.66666666666669,66.66666666666666,216,48,20
99,"[28977441, 59165780, 83731454, 97738896]",43516,3402,60,96.70222222222222,94.5,100,1484,198,0
100,"[29953308, 35186151]",43910,3513,41,97.57777777777775,97.58333333333331,68.33333333333333,1090,87,19
101,"[40521442, 98117922]",41203,3598,46,91.56222222222222,99.94444444444444,76.66666666666667,3797,2,14
102,"[28184566, 30309881, 40780095]",44895,3129,45,99.76666666666668,86.91666666666666,75,105,471,15
103,"[18815002, 64263439, 70894276]",43399,3381,60,96.44222222,93.91666666666669,100,1601,219,0
104,"[38959170, 53214864, 65897395]",44919,3509,55,99.82,97.47222222222224,91.66666666666666,81,91,5
105,"[54749775, 85585971]",44743,2930,45,99.42888888888888,81.38888888888889,75,257,670,15
106,"[23655894, 48592867, 58754678]",42759,3509,44,95.02,97.47222222222224,73.33333333333333,2241,91,16
107,"[75012827, 96757066]",41822,3388,54,92.93777777777775,94.11111111111111,90,3178,212,6
108,"[56545722, 80346850, 82776705]",44867,3536,30,99.70444444444443,98.22222222222224,50,133,64,30
109,"[83294300, 99950695]",42287,3510,39,93.97111111111111,97.5,65,2713,90,21
110,"[49946414, 71493122, 83303578]",44941,3487,57,99.86888888888888,96.86111111111111,95,59,113,3
111,"[60609028, 83383640]",44898,3099,57,99.77333333333334,86.08333333333333,95,102,501,3
112,"[14927618, 58293351, 85896971]",44690,3074,50,99.31111111,85.38888888888889,83.33333333333334,310,526,10
113,"[31977765, 40720845, 89772017]",43763,3251,26,97.25111111111111,90.30555555555554,43.333333333333336,1237,349,34
114,"[52129280, 94276181, 94636052]",44963,3464,34,99.91777778,96.22222222,56.66666666666666,37,136,26
115,"[89010704, 95493479]",43301,2957,56,96.22444444444444,82.13888888888889,93.33333333333331,1699,643,4
116,"[92474608, 97701250]",42932,3568,55,95.40444444444444,99.11111111111111,91.66666666666666,2068,32,5
117,"[30327373, 54338633, 99914046]",44837,3597,56,99.63777778,99.91666666666669,93.33333333333331,163,3,4
118,"[43523536, 87714364]",42786,3541,23,95.08,98.36111111111111,38.333333333333336,2214,59,37
119,"[62005531, 80337918, 87358579]",44975,3576,60,99.94444444444444,99.33333333333331,100,25,24,0
120,"[27064413, 69851017]",40821,3299,53,90.71333333333334,91.63888888888889,88.33333333333333,4179,301,7
121,"[58581084, 82405277, 96922646]",44563,3499,44,99.02888888888889,97.19444444444446,73.33333333333333,437,101,16
122,"[51081894, 80418317, 88604365]",44728,3531,45,99.39555555555556,98.08333333333331,75,272,69,15
123,"[17371596, 35305647, 59666267, 73956919]",44814,3534,54,99.58666666666667,98.16666666666669,90,186,66,6
124,"[29526361, 45078876, 69735155]",43870,3402,31,97.48888889,94.5,51.66666666666667,1130,198,29
125,"[11194976, 18388764, 27969471, 28400953]",44720,3559,60,99.37777777777778,98.86111111111111,100,280,41,0
126,"[11513775, 20852328, 31163789]",43157,2378,60,95.90444444444444,66.05555555555556,100,1843,1222,0
127,"[11688610, 11702514, 17291648]",43323,3578,56,96.27333333333333,99.38888889,93.33333333333331,1677,22,4
128,"[12186241, 17788442]",43653,3570,54,97.00666666666666,99.16666666666669,90,1347,30,6
129,"[12534145, 14686010, 15967146]",44580,3518,47,99.06666666666666,97.72222222222224,78.33333333333333,420,82,13
130,"[14578188, 25302363, 25966927]",44357,3565,60,98.57111111111112,99.02777778,100,643,35,0
131,"[14933849, 26331979, 27578851]",44883,3424,35,99.74,95.11111111111111,58.333333333333336,117,176,25
132,[15868586],43475,3564,38,96.61111111111111,99,63.33333333333333,1525,36,22
133,"[11818403, 17285648, 20187414]",44767,3330,58,99.48222222222223,92.5,96.66666666666669,233,270,2
134,"[18367999, 20277996, 28485552]",44993,3227,45,99.98444444444443,89.63888888888889,75,7,373,15
135,"[14003620, 18751390, 25386036]",44370,3596,8,98.6,99.88888889,13.333333333333334,630,4,52
136,"[19228099, 30762652]",44970,1445,36,99.93333333333332,40.13888888888889,60,30,2155,24
137,"[19296395, 28063028]",44926,3596,13,99.83555555555556,99.88888889,21.666666666666668,74,4,47
138,"[19741756, 30429701]",35503,3511,60,78.89555555555555,97.52777778,100,9497,89,0
139,"[16960941, 19824670, 20716549]",44474,3351,60,98.83111111111111,93.08333333333331,100,526,249,0
140,"[13942178, 18093383, 20630185]",31205,3546,60,69.34444444444445,98.5,100,13795,54,0
141,"[18604611, 21221160, 21360765]",44314,3585,58,98.47555555555556,99.58333333333331,96.66666666666669,686,15,2
142,"[10372752, 22048643, 26001203]",44682,3212,54,99.29333333333334,89.22222222222223,90,318,388,6
143,"[13122549, 15044070, 22829343]",43746,3582,36,97.21333333333332,99.5,60,1254,18,24
144,"[23614028, 23777783, 30929721]",44956,3514,54,99.90222222222222,97.61111111111111,90,44,86,6
145,"[10456545, 19697554, 24216040]",44832,3276,49,99.62666666666668,91,81.66666666666667,168,324,11
146,"[16121781, 23010677, 24306251]",44950,3541,59,99.88888889,98.36111111111111,98.33333333333331,50,59,1
147,"[24429507, 30499964, 31234103]",44951,3541,53,99.89111111111112,98.36111111111111,88.33333333333333,49,59,7
148,"[24787537, 26491989, 28423201]",40829,3446,60,90.73111111,95.72222222,100,4171,154,0
149,"[16142340, 24807641, 27876465]",44544,3588,58,98.98666666666666,99.66666666666669,96.66666666666669,456,12,2
150,"[10166869, 14107510, 25786800]",44916,3506,42,99.81333333333332,97.38888888888889,70,84,94,18
151,"[13858897, 25566108, 26016653]",44602,2803,48,99.11555555555556,77.86111111111111,80,398,797,12
152,"[16405613, 18513108, 26050052]",40809,3568,51,90.68666666666668,99.11111111111111,85,4191,32,9
153,[27327974],37737,1564,60,83.86,43.44444444444445,100,7263,2036,0
154,"[16521560, 27351090]",44915,3300,13,99.81111111,91.66666666666666,21.666666666666668,85,300,47
155,"[24301961, 27382531, 28355376]",42308,3593,39,94.01777777777778,99.80555555555556,65,2692,7,21
156,"[10184275, 14511132, 27414683]",44970,3532,56,99.93333333333332,98.11111111111111,93.33333333333331,30,68,4
157,[28866388],19652,1324,60,43.67111111111111,36.77777777777778,100,25348,2276,0
158,"[17048916, 27015531, 29371410, 30024738]",43972,3592,47,97.71555555555555,99.77777777777776,78.33333333333333,1028,8,13
159,"[10484669, 29805559]",44863,2517,39,99.69555555555556,69.91666666666667,65,137,1083,21
160,"[10836781, 28290648, 31221761]",44361,3273,60,98.58,90.91666666666669,100,639,327,0
161,"[11120000, 12648926, 14361210]",44664,3144,56,99.25333333333334,87.33333333333333,93.33333333333331,336,456,4
162,"[19252186, 20463679, 24930756]",41057,3588,34,91.23777777777778,99.66666666666669,56.66666666666666,3943,12,26
163,"[15579840, 22679673, 27690227]",44715,2221,45,99.36666666666667,61.69444444444444,75,285,1379,15
164,"[27640601, 30873766]",44559,1425,60,99.02,39.58333333333333,100,441,2175,0
165,"[10906982, 18145836, 19777295, 20484720, 22907790]",43135,3597,57,95.85555555555555,99.91666666666669,95,1865,3,3
166,"[13290032, 23664583, 26550655]",44750,3379,35,99.44444444444444,93.86111111,58.333333333333336,250,221,25
167,"[19000819, 21701027]",44581,2105,43,99.06888888888888,58.47222222222223,71.66666666666667,419,1495,17
168,"[23473923, 25089708, 25381596]",44922,3386,40,99.82666666666668,94.05555555555556,66.66666666666666,78,214,20
169,"[14753231, 27060034]",44874,1651,6,99.72,45.86111111111112,10,126,1949,54
170,"[19231846, 22933507, 23047851, 23498899]",41342,3175,60,91.87111111111112,88.19444444444444,100,3658,425,0
171,"[12686149, 24825462]",44800,3003,32,99.55555555555556,83.41666666666666,53.333333333333336,200,597,28
172,"[13536225, 19636521, 20881552]",44811,3533,56,99.58,98.13888888888889,93.33333333333331,189,67,4
173,"[12201037, 15108613, 22330934, 28411636]",44146,3437,60,98.10222222222222,95.47222222222224,100,854,163,0
174,"[12061228, 24288677]",44736,1902,46,99.41333333333333,52.83333333333333,76.66666666666667,264,1698,14
175,"[15606438, 27832010, 28518926]",44666,1972,48,99.25777777777778,54.77777777777778,80,334,1628,12
176,"[31849633, 33513144]",44906,3320,46,99.79111111,92.22222222222224,76.66666666666667,94,280,14
177,"[32767414, 38993915]",44084,2469,60,97.96444444444444,68.58333333333333,100,916,1131,0
178,"[32998968, 49898367]",43681,3596,37,97.06888888888888,99.88888889,61.66666666666667,1319,4,23
179,"[33427112, 52940155]",39799,2321,60,88.44222222222223,64.47222222222221,100,5201,1279,0
180,"[31388562, 34113318, 39146043]",34804,3599,53,77.34222222222222,99.97222222,88.33333333333333,10196,1,7
181,"[36264400, 47192108, 48258766]",44714,2948,40,99.36444444444444,81.88888888888889,66.66666666666666,286,652,20
182,"[32482307, 36368384, 51869442]",44711,3244,60,99.35777777777778,90.11111111111111,100,289,356,0
183,"[38068765, 38496129]",44747,3138,57,99.43777777777778,87.16666666666667,95,253,462,3
184,"[38934374, 50896141, 52265901]",43011,3569,57,95.58,99.13888888888889,95,1989,31,3
185,"[39635756, 40081421, 43867814]",44589,3435,24,99.08666666666667,95.41666666666669,40,411,165,36
186,"[34658953, 39774950]",44696,3280,35,99.32444444444444,91.11111111111111,58.333333333333336,304,320,25
187,"[33646615, 39883811, 40220745]",44979,2624,58,99.95333333333332,72.88888888888889,96.66666666666669,21,976,2
188,"[41347415, 51466750, 52604648]",44384,3570,19,98.63111111111112,99.16666666666669,31.666666666666664,616,30,41
189,"[41113431, 42581639, 48435305]",42524,3573,59,94.49777777777778,99.25,98.33333333333331,2476,27,1
190,"[38681848, 42820002, 48145075]",44998,3338,50,99.99555555555555,92.72222222,83.33333333333334,2,262,10
191,"[42944853, 49997428]",44986,3340,52,99.96888888888888,92.77777778,86.66666666666667,14,260,8
192,"[43294535, 43302108]",44817,2701,47,99.59333333333332,75.02777777777779,78.33333333333333,183,899,13
193,"[33520868, 42764972, 43577818]",44945,2797,58,99.87777777777778,77.69444444444444,96.66666666666669,55,803,2
194,"[31298954, 36983231, 44398374]",44683,3494,50,99.29555555555557,97.05555555555556,83.33333333333334,317,106,10
195,"[32189533, 45209604]",44926,2895,47,99.83555555555556,80.41666666666667,78.33333333333333,74,705,13
196,"[35158009, 45630987, 51496479]",44757,3573,32,99.46,99.25,53.333333333333336,243,27,28
197,"[34389238, 38274272, 46738370]",44981,3336,52,99.95777777777778,92.66666666666666,86.66666666666667,19,264,8
198,"[33659105, 40130949, 46996767]",44972,3469,57,99.93777777777778,96.36111111111111,95,28,131,3
199,"[44140416, 47070106, 52496109]",44444,3591,30,98.76444444444444,99.75,50,556,9,30
200,"[33223080, 48049563]",40456,2067,60,89.90222222222222,57.41666666666667,100,4544,1533,0
201,"[45592567, 48283165, 52850628]",44563,3149,49,99.02888888888889,87.47222222222221,81.66666666666667,437,451,11
202,"[37236386, 42248484, 48358574]",44728,3243,60,99.39555555555556,90.08333333333334,100,272,357,0
203,"[48516100, 51207560]",44617,3137,42,99.14888888888888,87.13888888888889,70,383,463,18
204,"[45881067, 47805309, 49004975]",44711,3583,48,99.35777777777778,99.52777778,80,289,17,12
205,"[37707904, 47354647, 50054241]",44845,3356,42,99.65555555555557,93.22222222,70,155,244,18
206,"[45640017, 50074410, 50974938]",44948,3504,52,99.88444444444444,97.33333333333334,86.66666666666667,52,96,8
207,"[47878920, 49301436, 50271756]",44948,3399,42,99.88444444444444,94.41666666666669,70,52,201,18
208,"[50464216, 51000245]",44152,3586,54,98.11555555555556,99.61111111,90,848,14,6
209,"[33797811, 52995730]",44787,3423,33,99.52666666666666,95.08333333333331,55.00000000000001,213,177,27
210,"[36083359, 53678556]",40287,3453,60,89.52666666666667,95.91666666666666,100,4713,147,0
211,"[36636627, 40993763, 52809341]",43450,3579,49,96.55555555555554,99.41666666666666,81.66666666666667,1550,21,11
212,"[34044293, 34179130, 51284148]",43610,3575,42,96.91111111111113,99.30555555555556,70,1390,25,18
213,"[32843121, 34789292, 43808522, 46560674]",44807,3582,31,99.57111111111112,99.5,51.66666666666667,193,18,29
214,"[31518958, 38885864, 46608874]",44608,3283,43,99.12888889,91.19444444444444,71.66666666666667,392,317,17
215,"[36299245, 52892570, 53202599]",44481,3572,36,98.84666666666668,99.22222222222224,60,519,28,24
216,"[45336872, 46229578, 47135138, 50268618]",41533,3540,60,92.29555555555557,98.33333333333331,100,3467,60,0
217,"[31414860, 42580862, 46554797]",44715,3121,51,99.36666666666667,86.69444444444444,85,285,479,9
218,"[39106554, 43882354, 48623603, 53347184]",44862,3221,52,99.69333333333331,89.47222222222221,86.66666666666667,138,379,8
219,"[53756308, 55832388, 64671303]",44570,3349,51,99.04444444444444,93.02777777777776,85,430,251,9
220,"[53968474, 60746003, 74012404]",44822,3584,52,99.60444444444444,99.55555555555556,86.66666666666667,178,16,8
221,"[54040905, 54501872, 71462974]",44803,3137,44,99.56222222222222,87.13888888888889,73.33333333333333,197,463,16
222,"[54498494, 71032013]",44841,3308,38,99.64666666666666,91.88888888888889,63.33333333333333,159,292,22
223,"[57086421, 64237936]",44869,3542,55,99.70888889,98.38888888888889,91.66666666666666,131,58,5
224,"[54990349, 55073544, 57479326]",44961,3337,44,99.91333333333333,92.69444444444444,73.33333333333333,39,263,16
225,"[57876325, 59074390, 63242693]",44955,3300,46,99.9,91.66666666666666,76.66666666666667,45,300,14
226,"[55651695, 59121790, 59297673]",44818,2494,60,99.59555555555556,69.27777777777779,100,182,1106,0
227,"[59578723, 67187147, 75301268]",44996,2674,19,99.99111111111112,74.27777777777777,31.666666666666664,4,926,41
228,"[60675722, 69385784]",44827,3064,45,99.61555555555556,85.11111111111111,75,173,536,15
229,"[55209345, 61761651, 63752274]",44336,3198,60,98.52444444444444,88.83333333333333,100,664,402,0
230,"[65395765, 65645769]",42956,3591,25,95.45777777777778,99.75,41.66666666666667,2044,9,35
231,"[56223573, 65511662, 71476075]",39796,3575,40,88.43555555555555,99.30555555555556,66.66666666666666,5204,25,20
232,"[54014554, 62241869, 65685588]",43602,2113,60,96.89333333333332,58.69444444444445,100,1398,1487,0
233,"[59543392, 67703078]",44641,3579,26,99.20222222222222,99.41666666666666,43.333333333333336,359,21,34
234,"[67756400, 73644768]",44773,3593,55,99.49555555555555,99.80555555555556,91.66666666666666,227,7,5
235,"[67847567, 69538525]",44878,2728,37,99.72888888888887,75.77777777777777,61.66666666666667,122,872,23
236,"[57541638, 70699927]",44903,3403,57,99.78444444444445,94.52777777777776,95,97,197,3
237,"[60203560, 70481669, 71667819]",29371,3600,29,65.26888888888888,100,48.333333333333336,15629,0,31
238,"[71875611, 73921012]",44363,3593,34,98.58444444444444,99.80555555555556,56.66666666666666,637,7,26
239,"[71068074, 72269261]",44228,3273,60,98.28444444444445,90.91666666666669,100,772,327,0
240,"[55891426, 73418953]",42100,3581,48,93.55555555555556,99.47222222,80,2900,19,12
241,"[57525771, 71501942, 74274006]",44132,2870,60,98.07111111111112,79.72222222222223,100,868,730,0
242,"[54755261, 69574265, 74404621]",42558,3402,60,94.57333333333334,94.5,100,2442,198,0
243,"[63317024, 64926878, 70035949]",44794,3353,35,99.54222222222222,93.13888889,58.333333333333336,206,247,25
244,"[60727791, 63152015, 64478509]",44389,3585,36,98.64222222222222,99.58333333333331,60,611,15,24
245,"[57944475, 73533710, 74657577]",44550,3503,52,99,97.30555555555556,86.66666666666667,450,97,8
246,"[58542224, 63659062, 67010814]",44633,3358,57,99.18444444444444,93.27777778,95,367,242,3
247,"[66033959, 67116509, 72069312]",44843,3124,45,99.65111111,86.77777777777777,75,157,476,15
248,"[53769877, 70750651, 71719021]",43774,3410,60,97.27555555555556,94.72222222,100,1226,190,0
249,"[55322723, 66188449, 67711911]",44866,3308,39,99.70222222222222,91.88888888888889,65,134,292,21
250,"[57455232, 63803764, 64736552]",44589,3485,27,99.08666666666667,96.80555555555556,45,411,115,33
251,"[66746190, 72105699, 72185773]",44616,3573,34,99.14666666666668,99.25,56.66666666666666,384,27,26
252,"[56241374, 73907263]",38237,3150,60,84.97111111111111,87.5,100,6763,450,0
253,"[64351016, 66861434]",36590,3592,42,81.31111111111112,99.77777777777776,70,8410,8,18
254,"[55312847, 60984332, 70728225]",44922,3571,25,99.82666666666668,99.19444444444444,41.66666666666667,78,29,35
255,"[54994207, 55280014, 62545544]",44867,2994,57,99.70444444444443,83.16666666666667,95,133,606,3
256,"[61252959, 62541965, 71867294]",44609,3513,57,99.13111111111112,97.58333333333331,95,391,87,3
257,"[57082138, 58733183, 65482699]",44886,3404,52,99.74666666666666,94.55555555555556,86.66666666666667,114,196,8
258,"[60627517, 65025406, 71569279]",44675,3562,13,99.27777777777776,98.94444444444444,21.666666666666668,325,38,47
259,"[74479790, 74692773]",44828,2628,32,99.61777778,73,53.333333333333336,172,972,28
260,"[63094525, 64083626, 67971552]",44702,3362,54,99.33777777777776,93.38888888888889,90,298,238,6
261,"[59781142, 64588845]",44841,2408,24,99.64666666666666,66.88888888888889,40,159,1192,36
262,"[66586786, 70468957]",42202,3599,45,93.78222222222222,99.97222222,75,2798,1,15
263,"[66055674, 69794288, 71610415, 74318249]",44922,3406,40,99.82666666666668,94.61111111111111,66.66666666666666,78,194,20
264,"[57404818, 70043972]",41743,3564,45,92.76222222222222,99,75,3257,36,15
265,"[61783581, 73168405, 74677479]",44785,3145,31,99.52222222222224,87.36111111111111,51.66666666666667,215,455,29
266,"[75469684, 80377857, 81322342]",44712,3002,59,99.36,83.38888888888889,98.33333333333331,288,598,1
267,"[75553143, 89673485, 94835482]",44629,2289,59,99.17555555555556,63.583333333333336,98.33333333333331,371,1311,1
268,[77301913],32900,2800,60,73.11111111111111,77.77777777777779,100,12100,800,0
269,"[79351216, 97367914, 97954655]",44667,2528,59,99.26,70.22222222222221,98.33333333333331,333,1072,1
270,"[79010486, 79416199]",44178,3584,60,98.17333333333332,99.55555555555556,100,822,16,0
271,"[82454139, 95240409]",44762,2822,40,99.47111111111111,78.38888888888889,66.66666666666666,238,778,20
272,"[88074177, 88666830, 96879739]",40287,3493,60,89.52666666666667,97.02777778,100,4713,107,0
273,"[85731791, 89252984]",44871,3151,37,99.71333333333334,87.52777777777779,61.66666666666667,129,449,23
274,"[83793674, 89357542, 97912558]",44719,3428,57,99.37555555555556,95.22222222,95,281,172,3
275,"[84665367, 92664960]",44984,3569,31,99.96444444444444,99.13888888888889,51.66666666666667,16,31,29
276,"[87348561, 93754802]",44899,1038,54,99.77555555555556,28.83333333333333,90,101,2562,6
277,"[87980578, 90625561, 94453962]",44748,3417,53,99.44,94.91666666666669,88.33333333333333,252,183,7
278,"[95756060, 99344846]",40571,3579,25,90.15777777777778,99.41666666666666,41.66666666666667,4429,21,35
279,"[82000776, 98781169]",44832,3355,51,99.62666666666668,93.19444444444444,85,168,245,9
280,"[87189846, 88288793, 94064110]",42632,3598,59,94.73777777777778,99.94444444444444,98.33333333333331,2368,2,1
281,"[91646011, 91728749, 99722545]",43351,3570,49,96.33555555555556,99.16666666666669,81.66666666666667,1649,30,11
282,"[75571926, 81158074, 97895043]",43904,3592,45,97.56444444444443,99.77777777777776,75,1096,8,15
283,"[77304585, 81759206, 90460062]",44579,3359,55,99.06444444444443,93.30555555555556,91.66666666666666,421,241,5
284,"[77306798, 86464691, 87927610]",44885,3260,53,99.74444444444444,90.55555555555556,88.33333333333333,115,340,7
285,"[82315791, 93251494]",44605,2171,26,99.12222222222222,60.30555555555556,43.333333333333336,395,1429,34
286,"[82008637, 84659773, 88842130]",42111,3564,57,93.58,99,95,2889,36,3
287,"[75665956, 77176100]",44653,2980,52,99.22888888888887,82.77777777777777,86.66666666666667,347,620,8
288,"[80816703, 91475874, 98628430]",43709,3558,60,97.13111111111112,98.83333333333331,100,1291,42,0
289,"[85236250, 94147522]",44767,2148,29,99.48222222222223,59.66666666666667,48.333333333333336,233,1452,31
290,"[78349953, 87449606, 88848769]",44990,3222,60,99.97777777777776,89.5,100,10,378,0
291,"[77425384, 80594653]",44759,3251,39,99.46444444444444,90.30555555555554,65,241,349,21
292,"[81498912, 82948408, 87617056, 95924279]",44560,3573,45,99.02222222222224,99.25,75,440,27,15
293,"[80970350, 89089951]",43182,2897,60,95.96,80.47222222222223,100,1818,703,0
294,"[95691280, 99330264]",41203,3599,27,91.56222222222222,99.97222222,45,3797,1,33
295,"[80801713, 88970241, 92026032, 93686301]",44846,3523,60,99.65777777777778,97.86111111111111,100,154,77,0
296,"[83455928, 86385504, 98742708]",42611,3582,52,94.69111111111113,99.5,86.66666666666667,2389,18,8
297,"[76474021, 83864489, 96413897]",44664,3376,35,99.25333333333334,93.77777778,58.333333333333336,336,224,25
298,"[77353647, 87430422, 87941529, 91780199]",42724,3590,42,94.94222222,99.72222222222224,70,2276,10,18
299,"[90571742, 91414212]",32634,3421,60,72.52,95.02777777777776,100,12366,179,0
300,"[78164705, 88693256, 98614752]",43212,3595,58,96.02666666666669,99.86111111111111,96.66666666666669,1788,5,2
301,"[80247526, 84230923, 90942164]",44923,3302,29,99.82888888888888,91.72222222222224,48.333333333333336,77,298,31
302,"[77040825, 79376863, 89698602, 98659088]",40552,3540,60,90.11555555555556,98.33333333333331,100,4448,60,0
303,"[82748745, 90459684, 90838453]",44717,3600,57,99.37111111,100,95,283,0,3
304,"[75675949, 77678690]",44897,3505,54,99.77111111111113,97.36111111111111,90,103,95,6
305,"[78388858, 83860574, 92931090]",44912,3525,59,99.80444444444444,97.91666666666666,98.33333333333331,88,75,1
306,"[89972223, 94219781]",42186,3586,58,93.74666666666668,99.61111111,96.66666666666669,2814,14,2
307,"[85306604, 90313921]",42782,3587,43,95.07111111111112,99.63888888888889,71.66666666666667,2218,13,17
308,"[10063764, 35611349, 40270473]",44565,3470,58,99.03333333333332,96.38888888888889,96.66666666666669,435,130,2
309,"[10465146, 12784328, 29204339, 42438659]",44947,3494,52,99.88222222,97.05555555555556,86.66666666666667,53,106,8
310,"[11230613, 14795691, 35514465]",44850,3334,52,99.66666666666669,92.61111111111111,86.66666666666667,150,266,8
311,"[13413552, 39994262, 53767517]",44741,2778,52,99.42444444444445,77.16666666666666,86.66666666666667,259,822,8
312,"[14102368, 20486696, 26534358]",44337,3580,58,98.52666666666666,99.44444444444444,96.66666666666669,663,20,2
313,"[17023482, 40680162]",44625,3160,58,99.16666666666669,87.77777777777777,96.66666666666669,375,440,2
314,"[17176028, 32080880]",44869,3544,48,99.70888889,98.44444444444444,80,131,56,12
315,"[18397911, 36294133]",44957,3478,50,99.90444444444444,96.61111111111111,83.33333333333334,43,122,10
316,"[18457339, 41405230]",44785,3590,50,99.52222222222224,99.72222222222224,83.33333333333334,215,10,10
317,"[21446299, 31822143, 49241730]",44573,3580,43,99.05111111111113,99.44444444444444,71.66666666666667,427,20,17
318,"[22098853, 27000876, 41904018]",44541,2563,60,98.98,71.19444444444444,100,459,1037,0
319,"[17235224, 22340313, 36212365]",43703,3586,47,97.11777777777776,99.61111111,78.33333333333333,1297,14,13
320,"[23154228, 54489837]",44870,3583,44,99.71111111111112,99.52777778,73.33333333333333,130,17,16
321,"[24937566, 38406891]",44777,2981,55,99.50444444444445,82.80555555555556,91.66666666666666,223,619,5
322,"[25256692, 52349132]",39127,3571,55,86.94888888888889,99.19444444444444,91.66666666666666,5873,29,5
323,"[25413393, 29271214, 47569745]",44894,3488,55,99.76444444444444,96.88888888888889,91.66666666666666,106,112,5
324,"[22313606, 25991681, 26000799]",44887,3190,57,99.74888888888889,88.61111111111111,95,113,410,3
325,"[27894186, 31351780, 51373819]",44966,3494,50,99.92444444444445,97.05555555555556,83.33333333333334,34,106,10
326,"[27718359, 32117802]",44877,3078,57,99.72666666666666,85.5,95,123,522,3
327,"[14774150, 18409692, 20171335, 32188044]",44932,3462,43,99.84888889,96.16666666666669,71.66666666666667,68,138,17
328,"[14711481, 16086316, 33512086, 54584478]",44905,3572,60,99.78888888888888,99.22222222222224,100,95,28,0
329,"[19906961, 22041504, 34050687]",44758,3424,51,99.46222222222222,95.11111111111111,85,242,176,9
330,"[34943875, 48503304]",44592,3585,60,99.09333333333332,99.58333333333331,100,408,15,0
331,"[20553079, 37679902, 38951074]",44670,3319,53,99.26666666666668,92.19444444444444,88.33333333333333,330,281,7
332,"[25436685, 37864145, 45408427, 52584655]",44872,3510,59,99.71555555555555,97.5,98.33333333333331,128,90,1
333,"[30651204, 38328774]",42280,3426,60,93.95555555555556,95.16666666666669,100,2720,174,0
334,"[22051966, 39430263, 53999008]",44987,3569,54,99.97111111111111,99.13888888888889,90,13,31,6
335,"[11306317, 40816717]",44283,3565,44,98.40666666666668,99.02777778,73.33333333333333,717,35,16
336,"[33279727, 41226346]",44579,3281,44,99.06444444444443,91.13888888888889,73.33333333333333,421,319,16
337,"[24044833, 37265478, 43693057, 45210637]",44988,3176,51,99.97333333333331,88.22222222222223,85,12,424,9
338,"[15777234, 24111998, 43783842]",44839,3410,44,99.64222222222222,94.72222222,73.33333333333333,161,190,16
339,"[39247818, 45829266]",44986,3544,20,99.96888888888888,98.44444444444444,33.33333333333333,14,56,40
340,"[29960052, 44882522, 46677868]",43671,3567,41,97.04666666666668,99.08333333333331,68.33333333333333,1329,33,19
341,"[22168687, 28491103, 46854023]",44713,3541,48,99.36222222,98.36111111111111,80,287,59,12
342,"[15666079, 46886130]",44579,3436,51,99.06444444444443,95.44444444444444,85,421,164,9
343,"[42424665, 48218981]",44870,3580,53,99.71111111111112,99.44444444444444,88.33333333333333,130,20,7
344,"[23857380, 49078759, 53721518]",44832,3509,58,99.62666666666668,97.47222222222224,96.66666666666669,168,91,2
345,"[50153480, 50480195, 51981820]",42093,3572,59,93.54,99.22222222222224,98.33333333333331,2907,28,1
346,"[19825458, 43409285, 51957035]",44000,2862,60,97.77777777777776,79.5,100,1000,738,0
347,"[33136991, 38582881, 52863358]",44669,2820,54,99.26444444444444,78.33333333333333,90,331,780,6
348,"[33777241, 42715737, 53767907]",44961,3579,51,99.91333333333333,99.41666666666666,85,39,21,9
349,"[45213533, 54247642]",44852,3330,49,99.67111111111112,92.5,81.66666666666667,148,270,11
350,"[41562026, 54406767]",42219,3568,53,93.82,99.11111111111111,88.33333333333333,2781,32,7
351,"[11277725, 14670100, 45440629, 54645058]",44799,3422,39,99.55333333333334,95.05555555555556,65,201,178,21
352,"[10555883, 14926346, 55597314]",44857,3345,53,99.68222222222222,92.91666666666669,88.33333333333333,143,255,7
353,"[20494224, 38795252]",44915,3450,31,99.81111111,95.83333333333334,51.66666666666667,85,150,29
354,"[59476921, 62671154, 88498575]",42569,3585,58,94.59777777777778,99.58333333333331,96.66666666666669,2431,15,2
355,"[62900531, 87498016]",44768,3513,16,99.48444444444443,97.58333333333331,26.666666666666668,232,87,44
356,"[67538618, 68085623, 80198584]",42805,3329,60,95.12222222222222,92.47222222222224,100,2195,271,0
357,"[71011543, 72305423, 91890939]",44112,3593,33,98.02666666666666,99.80555555555556,55.00000000000001,888,7,27
358,"[71981435, 77627122]",44656,3305,41,99.23555555555556,91.80555555555556,68.33333333333333,344,295,19
359,"[69563748, 82991720]",44930,3444,36,99.84444444444443,95.66666666666669,60,70,156,24
360,"[68930184, 74219723, 83007412, 99708486]",44896,3354,31,99.76888888888888,93.16666666666666,51.66666666666667,104,246,29
361,"[58810114, 88275886]",43894,2793,60,97.54222222222222,77.58333333333334,100,1106,807,0
362,"[68389579, 82799377, 84333085]",44916,3491,55,99.81333333333332,96.97222222222224,91.66666666666666,84,109,5
363,"[63669097, 71654359, 73506142]",44922,3063,52,99.82666666666668,85.08333333333333,86.66666666666667,78,537,8
364,"[58688539, 73428853, 79555125]",44908,2833,59,99.79555555555557,78.69444444444444,98.33333333333331,92,767,1
365,"[56986717, 82517075]",44622,2159,39,99.16,59.97222222222223,65,378,1441,21
366,"[75651524, 92896992]",44608,3505,39,99.12888889,97.36111111111111,65,392,95,21
367,"[57568419, 62855649, 78014040]",43441,3590,50,96.53555555555556,99.72222222222224,83.33333333333334,1559,10,10
368,"[69117159, 77526127, 83475885, 91336127]",41223,3551,60,91.60666666666668,98.63888888888889,100,3777,49,0
369,"[70165498, 74949776, 94823021]",44861,3548,49,99.69111111111113,98.55555555555556,81.66666666666667,139,52,11
370,"[58622515, 74163214, 83943248]",41779,3585,60,92.84222222222223,99.58333333333331,100,3221,15,0
371,"[57266032, 94123478]",44652,3294,51,99.22666666666666,91.5,85,348,306,9
372,"[62995602, 68335179, 87060902]",44829,3519,24,99.62,97.75,40,171,81,36
373,"[68866347, 78321060, 83417007]",44882,3368,52,99.73777777777778,93.55555555555556,86.66666666666667,118,232,8
374,"[68252803, 68919726, 87654946]",44666,3258,59,99.25777777777778,90.5,98.33333333333331,334,342,1
375,"[61466670, 80686557, 83188962]",44946,3212,59,99.88,89.22222222222223,98.33333333333331,54,388,1
376,"[82101551, 94677527]",44788,3505,55,99.52888888888889,97.36111111111111,91.66666666666666,212,95,5
377,"[60077934, 74878985, 91224413]",44858,3564,55,99.68444444444444,99,91.66666666666666,142,36,5
378,"[65179333, 71784616]",37001,3577,56,82.22444444444444,99.36111111111111,93.33333333333331,7999,23,4
379,"[62436215, 78269030]",44644,2856,48,99.20888889,79.33333333333333,80,356,744,12
380,"[56938043, 71196017, 87846175]",44164,3600,59,98.14222222222222,100,98.33333333333331,836,0,1
381,"[57735264, 73128713]",42460,3574,39,94.35555555555555,99.27777777777776,65,2540,26,21
382,"[68864827, 89450551]",39442,3571,59,87.64888888888889,99.19444444444444,98.33333333333331,5558,29,1
383,"[61066066, 70060010, 70673413]",44774,3496,39,99.49777777777776,97.11111111111111,65,226,104,21
384,"[67144693, 74431224, 97735244]",43813,3569,33,97.36222222,99.13888888888889,55.00000000000001,1187,31,27
385,"[62639816, 69017987, 80670245]",43734,1203,60,97.18666666666668,33.416666666666664,100,1266,2397,0
386,"[62666903, 88709344]",38210,3598,48,84.91111111111111,99.94444444444444,80,6790,2,12
