Container_Number,Orders,Weight_Used,Volume_Used,Pallets_Used,Weight_Utilization_%,Volume_Utilization_%,Pallet_Utilization_%,Remaining_Weight,Remaining_Volume,Remaining_Pallets
1,"[50097028, 68793187, 78405802, 86882948]",44746.0,3203.0,56.0,99.43555555555557,88.97222222222221,93.33333333333331,254.0,397.0,4.0
2,"[64566630, 94677527]",43589.0,3572.0,58.0,96.86444444444444,99.22222222222224,96.66666666666669,1411.0,28.0,2.0
3,"[28164157, 19275061, 21757191]",44886.0,3495.0,40.0,99.74666666666666,97.08333333333331,66.66666666666666,114.0,105.0,20.0
4,"[60594081, 61704862, 15517139]",41958.0,3518.0,60.0,93.24,97.72222222222224,100.0,3042.0,82.0,0.0
5,"[44361973, 83821078, 85318673, 16872889]",44543.0,3586.0,32.0,98.98444444444443,99.6111111111111,53.333333333333336,457.0,14.0,28.0
6,"[96256394, 29185766, 87060902]",44639.0,3191.0,42.0,99.19777777777776,88.63888888888889,70.0,361.0,409.0,18.0
7,"[76803925, 45848286, 88018618]",44826.0,3524.0,36.0,99.61333333333332,97.88888888888889,60.0,174.0,76.0,24.0
8,"[83678735, 36587984, 89309989]",44592.0,3474.0,49.0,99.09333333333332,96.5,81.66666666666667,408.0,126.0,11.0
9,"[39825791, 88970241]",44997.0,991.0,52.0,99.99333333333334,27.52777777777778,86.66666666666667,3.0,2609.0,8.0
10,"[24396460, 97560046, 93374760]",44752.0,3571.0,57.0,99.44888888888887,99.19444444444444,95.0,248.0,29.0,3.0
11,"[76002209, 96922646]",44643.0,3597.0,45.0,99.20666666666666,99.91666666666669,75.0,357.0,3.0,15.0
12,"[70944508, 21580901]",44569.0,2815.0,6.0,99.04222222222222,78.19444444444444,10.0,431.0,785.0,54.0
13,"[43343799, 38662632]",44844.0,2155.0,18.0,99.65333333333334,59.86111111111111,30.0,156.0,1445.0,42.0
14,"[52007731, 30868454, 96879739]",44934.0,2847.0,43.0,99.85333333333334,79.08333333333334,71.66666666666667,66.0,753.0,17.0
15,"[11490628, 77096983]",44693.0,2631.0,54.0,99.31777777777778,73.08333333333333,90.0,307.0,969.0,6.0
16,[35768999],43475.0,3564.0,38.0,96.61111111111111,99.0,63.33333333333333,1525.0,36.0,22.0
17,"[60611567, 74949776, 87617056]",44783.0,3292.0,50.0,99.51777777777778,91.44444444444444,83.33333333333334,217.0,308.0,10.0
18,"[77424112, 89603312]",44889.0,1494.0,19.0,99.75333333333334,41.5,31.666666666666664,111.0,2106.0,41.0
19,"[56017398, 92678679, 98741704]",44891.0,3514.0,36.0,99.75777777777778,97.61111111111111,60.0,109.0,86.0,24.0
20,"[28714744, 43600676, 44359987]",42672.0,3455.0,60.0,94.82666666666668,95.97222222222224,100.0,2328.0,145.0,0.0
21,"[53008046, 28935702, 62952966]",44892.0,3451.0,60.0,99.76,95.86111111111111,100.0,108.0,149.0,0.0
22,"[88349496, 54171985]",44957.0,3478.0,50.0,99.90444444444444,96.61111111111111,83.33333333333334,43.0,122.0,10.0
23,"[78304670, 74219723]",44759.0,3443.0,48.0,99.46444444444444,95.63888888888889,80.0,241.0,157.0,12.0
24,"[74775796, 46395501, 45878017]",44969.0,3478.0,30.0,99.93111111111112,96.61111111111111,50.0,31.0,122.0,30.0
25,"[74322802, 28478121]",44970.0,1445.0,36.0,99.93333333333332,40.13888888888889,60.0,30.0,2155.0,24.0
26,"[85536584, 91728749]",44394.0,3598.0,46.0,98.65333333333334,99.94444444444444,76.66666666666667,606.0,2.0,14.0
27,"[95324547, 77330809]",44926.0,3596.0,13.0,99.83555555555556,99.8888888888889,21.666666666666668,74.0,4.0,47.0
28,[23727728],19383.0,3420.0,60.0,43.07333333333334,95.0,100.0,25617.0,180.0,0.0
29,"[53698829, 13330612, 92969829]",44568.0,3531.0,46.0,99.04,98.08333333333331,76.66666666666667,432.0,69.0,14.0
30,"[14710252, 53292435]",35503.0,3511.0,60.0,78.89555555555555,97.5277777777778,100.0,9497.0,89.0,0.0
31,"[15565305, 45391366, 81321032]",44664.0,3155.0,41.0,99.25333333333334,87.63888888888889,68.33333333333333,336.0,445.0,19.0
32,"[57479503, 97067091, 88498575]",44807.0,2959.0,37.0,99.57111111111112,82.19444444444444,61.66666666666667,193.0,641.0,23.0
33,"[22585950, 74878985]",44872.0,2916.0,48.0,99.71555555555555,81.0,80.0,128.0,684.0,12.0
34,"[68646201, 55052191, 94570748]",44750.0,3593.0,42.0,99.44444444444444,99.80555555555556,70.0,250.0,7.0,18.0
35,"[31859676, 31148941, 74012404]",44567.0,2890.0,45.0,99.03777777777778,80.27777777777779,75.0,433.0,710.0,15.0
36,"[82310839, 45398721, 88693256]",43753.0,3588.0,46.0,97.22888888888887,99.66666666666669,76.66666666666667,1247.0,12.0,14.0
37,"[17410508, 22073771, 88604365]",44403.0,2080.0,60.0,98.67333333333332,57.77777777777777,100.0,597.0,1520.0,0.0
38,"[98676826, 89897625, 41670666]",44921.0,3172.0,35.0,99.82444444444444,88.1111111111111,58.333333333333336,79.0,428.0,25.0
39,"[71307112, 77562238, 29525445]",44988.0,3130.0,53.0,99.97333333333331,86.94444444444444,88.33333333333333,12.0,470.0,7.0
40,"[49016561, 41738910]",44943.0,1469.0,55.0,99.87333333333332,40.80555555555556,91.66666666666666,57.0,2131.0,5.0
41,"[45727112, 42231034, 89673485]",44613.0,3592.0,60.0,99.14,99.77777777777776,100.0,387.0,8.0,0.0
42,"[29592981, 75665956]",44653.0,3462.0,41.0,99.22888888888887,96.16666666666669,68.33333333333333,347.0,138.0,19.0
43,"[30407324, 84723237]",44787.0,3529.0,50.0,99.52666666666666,98.0277777777778,83.33333333333334,213.0,71.0,10.0
44,"[25448434, 46847587, 95240409]",44876.0,3313.0,46.0,99.72444444444444,92.02777777777776,76.66666666666667,124.0,287.0,14.0
45,"[93337374, 76910487]",44470.0,3580.0,40.0,98.82222222222222,99.44444444444444,66.66666666666666,530.0,20.0,20.0
46,"[74578173, 73365392, 83793674]",44788.0,3352.0,59.0,99.52888888888889,93.11111111111111,98.33333333333331,212.0,248.0,1.0
47,[29183252],37737.0,1564.0,60.0,83.86,43.44444444444445,100.0,7263.0,2036.0,0.0
48,"[25702298, 30039696, 81139859]",44941.0,3298.0,60.0,99.86888888888888,91.61111111111111,100.0,59.0,302.0,0.0
49,"[38569876, 85731791]",44981.0,3224.0,42.0,99.95777777777778,89.55555555555556,70.0,19.0,376.0,18.0
50,"[65682155, 13078494, 88074177]",44840.0,3241.0,55.0,99.64444444444445,90.02777777777777,91.66666666666666,160.0,359.0,5.0
51,"[89824466, 61798544, 14996486]",44985.0,3208.0,30.0,99.96666666666668,89.11111111111111,50.0,15.0,392.0,30.0
52,[56517394],19652.0,1324.0,60.0,43.67111111111111,36.77777777777778,100.0,25348.0,2276.0,0.0
53,"[82028706, 81816913, 41060556]",44884.0,3571.0,53.0,99.74222222222222,99.19444444444444,88.33333333333333,116.0,29.0,7.0
54,"[56970467, 55453965, 81060601]",43839.0,3562.0,60.0,97.42,98.94444444444444,100.0,1161.0,38.0,0.0
55,"[61520681, 13495136, 75078490]",44938.0,3508.0,30.0,99.8622222222222,97.44444444444444,50.0,62.0,92.0,30.0
56,"[70654882, 67122633, 84665367]",44772.0,3133.0,60.0,99.49333333333334,87.02777777777779,100.0,228.0,467.0,0.0
57,"[10360462, 26100560, 12541366]",44909.0,3478.0,57.0,99.79777777777775,96.61111111111111,95.0,91.0,122.0,3.0
58,"[90967082, 22289559, 82513588]",44636.0,3445.0,60.0,99.19111111111113,95.69444444444444,100.0,364.0,155.0,0.0
59,"[38127748, 42882205]",44845.0,3500.0,37.0,99.65555555555557,97.2222222222222,61.66666666666667,155.0,100.0,23.0
60,"[16089306, 41712370, 94123478]",43648.0,3559.0,60.0,96.99555555555555,98.86111111111111,100.0,1352.0,41.0,0.0
61,"[65660179, 79003940, 82995021, 74386323]",44555.0,3043.0,56.0,99.01111111111112,84.52777777777779,93.33333333333331,445.0,557.0,4.0
62,"[85178771, 45228785, 23700259]",44719.0,3273.0,60.0,99.37555555555556,90.91666666666669,100.0,281.0,327.0,0.0
63,"[39331631, 58557893]",44562.0,3043.0,60.0,99.02666666666666,84.52777777777779,100.0,438.0,557.0,0.0
64,"[24976285, 99918938, 90358335]",43760.0,3562.0,60.0,97.24444444444444,98.94444444444444,100.0,1240.0,38.0,0.0
65,"[55162125, 25172159, 91224413]",44877.0,3426.0,39.0,99.72666666666666,95.16666666666669,65.0,123.0,174.0,21.0
66,"[16055716, 58755241, 90972832]",44493.0,3588.0,27.0,98.87333333333332,99.66666666666669,45.0,507.0,12.0,33.0
67,"[64907228, 47651903, 59811698]",44792.0,3585.0,49.0,99.53777777777778,99.58333333333331,81.66666666666667,208.0,15.0,11.0
68,"[81407369, 87358579]",44577.0,2035.0,43.0,99.06,56.52777777777778,71.66666666666667,423.0,1565.0,17.0
69,"[65689064, 75628458]",44609.0,2839.0,57.0,99.13111111111112,78.86111111111111,95.0,391.0,761.0,3.0
70,"[54166405, 99824259, 52442794]",44946.0,3321.0,47.0,99.88,92.25,78.33333333333333,54.0,279.0,13.0
71,"[86473193, 74657577]",44953.0,1435.0,21.0,99.89555555555556,39.86111111111112,35.0,47.0,2165.0,39.0
72,"[70286807, 56155991, 90942164]",44763.0,3594.0,44.0,99.47333333333331,99.83333333333331,73.33333333333333,237.0,6.0,16.0
73,"[68474125, 83104403]",40133.0,3598.0,60.0,89.18444444444444,99.94444444444444,100.0,4867.0,2.0,0.0
74,"[58966648, 28954585, 90179832]",44814.0,3599.0,42.0,99.58666666666667,99.9722222222222,70.0,186.0,1.0,18.0
75,"[50245609, 74163214]",41588.0,3571.0,54.0,92.41777777777776,99.19444444444444,90.0,3412.0,29.0,6.0
76,"[25034901, 48079506, 64817816]",44797.0,3443.0,18.0,99.54888888888888,95.63888888888889,30.0,203.0,157.0,42.0
77,"[75920615, 49349775, 53376357]",44975.0,3565.0,52.0,99.94444444444444,99.0277777777778,86.66666666666667,25.0,35.0,8.0
78,"[11830395, 90838453]",44659.0,3538.0,28.0,99.24222222222222,98.27777777777776,46.66666666666666,341.0,62.0,32.0
79,"[61095390, 47774250]",44656.0,3305.0,41.0,99.23555555555556,91.80555555555556,68.33333333333333,344.0,295.0,19.0
80,"[85339247, 22559789, 93532156]",44883.0,3083.0,54.0,99.74,85.63888888888889,90.0,117.0,517.0,6.0
81,"[53922630, 30780674, 56463921]",44987.0,3463.0,53.0,99.97111111111111,96.19444444444444,88.33333333333333,13.0,137.0,7.0
82,"[33102147, 77126784, 85065108]",44809.0,3458.0,51.0,99.57555555555555,96.05555555555556,85.0,191.0,142.0,9.0
83,"[59072266, 84814522, 99951826]",44780.0,3487.0,59.0,99.5111111111111,96.86111111111111,98.33333333333331,220.0,113.0,1.0
84,"[35200537, 73506142, 87189846]",44877.0,3384.0,56.0,99.72666666666666,94.0,93.33333333333331,123.0,216.0,4.0
85,"[43118612, 74692773]",44356.0,3036.0,60.0,98.56888888888888,84.33333333333334,100.0,644.0,564.0,0.0
86,"[61196577, 34042247, 20443053]",44618.0,3333.0,37.0,99.1511111111111,92.58333333333331,61.66666666666667,382.0,267.0,23.0
87,"[28907507, 54930836, 34719336]",44986.0,3565.0,25.0,99.96888888888888,99.0277777777778,41.66666666666667,14.0,35.0,35.0
88,"[98684649, 78786702, 44615080]",44710.0,3510.0,54.0,99.35555555555555,97.5,90.0,290.0,90.0,6.0
89,"[95582218, 84918834, 89664243]",42665.0,3597.0,40.0,94.81111111111112,99.91666666666669,66.66666666666666,2335.0,3.0,20.0
90,"[20531646, 88288793, 90625561]",44787.0,3216.0,59.0,99.52666666666666,89.33333333333333,98.33333333333331,213.0,384.0,1.0
91,"[20187442, 72154526, 31316251, 68985650]",44837.0,3407.0,60.0,99.6377777777778,94.63888888888889,100.0,163.0,193.0,0.0
92,"[75227433, 17907665, 83475885]",44886.0,3553.0,57.0,99.74666666666666,98.69444444444444,95.0,114.0,47.0,3.0
93,"[91891647, 99562480, 88588001]",44826.0,3400.0,55.0,99.61333333333332,94.44444444444444,91.66666666666666,174.0,200.0,5.0
94,"[74394137, 83161317]",43728.0,3575.0,20.0,97.17333333333332,99.30555555555556,33.33333333333333,1272.0,25.0,40.0
95,"[13043675, 50099370]",39292.0,3584.0,56.0,87.31555555555556,99.55555555555556,93.33333333333331,5708.0,16.0,4.0
96,"[75284311, 47155263]",44930.0,2895.0,33.0,99.84444444444443,80.41666666666667,55.00000000000001,70.0,705.0,27.0
97,"[84890867, 22230853, 87498016]",44558.0,3537.0,28.0,99.01777777777778,98.25,46.66666666666666,442.0,63.0,32.0
98,"[51693795, 57967402, 58793079]",44966.0,3591.0,55.0,99.92444444444445,99.75,91.66666666666666,34.0,9.0,5.0
99,"[74543781, 83629497, 24915064]",44924.0,3379.0,31.0,99.83111111111111,93.8611111111111,51.66666666666667,76.0,221.0,29.0
100,"[73085672, 84333085]",44860.0,2488.0,50.0,99.6888888888889,69.11111111111111,83.33333333333334,140.0,1112.0,10.0
101,"[37174499, 33647569, 73168405]",44612.0,3157.0,58.0,99.1377777777778,87.69444444444444,96.66666666666669,388.0,443.0,2.0
102,"[35744676, 61985375, 82441193, 73418953]",44477.0,3419.0,60.0,98.83777777777776,94.97222222222224,100.0,523.0,181.0,0.0
103,"[95355299, 73428853, 93619372]",44467.0,3406.0,60.0,98.81555555555556,94.61111111111111,100.0,533.0,194.0,0.0
104,"[13813473, 73831628]",44987.0,3541.0,39.0,99.97111111111111,98.36111111111111,65.0,13.0,59.0,21.0
105,"[54438148, 93223646, 74274006]",44773.0,3030.0,57.0,99.49555555555555,84.16666666666667,95.0,227.0,570.0,3.0
106,"[74318249, 75651524]",44257.0,3589.0,50.0,98.34888888888888,99.69444444444444,83.33333333333334,743.0,11.0,10.0
107,"[52893203, 54230925, 75012827]",43989.0,3593.0,51.0,97.75333333333332,99.80555555555556,85.0,1011.0,7.0,9.0
108,"[50218071, 75802557, 83864489]",44793.0,3480.0,31.0,99.54,96.66666666666669,51.66666666666667,207.0,120.0,29.0
109,"[30246758, 76400344]",44882.0,1746.0,46.0,99.73777777777778,48.5,76.66666666666667,118.0,1854.0,14.0
110,"[64799030, 76839857]",44909.0,3420.0,11.0,99.79777777777775,95.0,18.33333333333333,91.0,180.0,49.0
111,"[37267436, 83188962]",44613.0,2625.0,46.0,99.14,72.91666666666666,76.66666666666667,387.0,975.0,14.0
112,"[74790348, 83294300]",43350.0,3565.0,56.0,96.33333333333334,99.0277777777778,93.33333333333331,1650.0,35.0,4.0
113,"[43682968, 83958965, 88185945]",44682.0,3058.0,45.0,99.29333333333334,84.94444444444444,75.0,318.0,542.0,15.0
114,"[85296118, 87927610]",44990.0,2707.0,49.0,99.97777777777776,75.19444444444444,81.66666666666667,10.0,893.0,11.0
115,"[40420974, 98128588, 85896971]",44962.0,3503.0,28.0,99.91555555555556,97.30555555555556,46.66666666666666,38.0,97.0,32.0
116,"[58810469, 87981724]",44982.0,3080.0,60.0,99.96,85.55555555555556,100.0,18.0,520.0,0.0
117,"[84937771, 88195561]",44710.0,921.0,41.0,99.35555555555555,25.583333333333336,68.33333333333333,290.0,2679.0,19.0
118,"[11457722, 65534534, 88666830]",44643.0,3537.0,55.0,99.20666666666666,98.25,91.66666666666666,357.0,63.0,5.0
119,"[64578195, 30654749, 88708842]",44518.0,3600.0,24.0,98.92888888888888,100.0,40.0,482.0,0.0,36.0
120,"[58488661, 88709344]",44976.0,3588.0,40.0,99.94666666666666,99.66666666666669,66.66666666666666,24.0,12.0,20.0
121,"[71669758, 88821066]",44897.0,3558.0,43.0,99.77111111111113,98.83333333333331,71.66666666666667,103.0,42.0,17.0
122,"[18052111, 88960928]",44852.0,1225.0,15.0,99.67111111111112,34.02777777777778,25.0,148.0,2375.0,45.0
123,"[47936445, 89089951]",44916.0,2925.0,59.0,99.81333333333332,81.25,98.33333333333331,84.0,675.0,1.0
124,"[94056916, 89772017, 92931090]",44924.0,3427.0,56.0,99.83111111111111,95.19444444444444,93.33333333333331,76.0,173.0,4.0
125,"[21039456, 76429146, 90139478]",44666.0,3489.0,53.0,99.25777777777778,96.91666666666666,88.33333333333333,334.0,111.0,7.0
126,"[32522171, 90459684]",44941.0,3486.0,57.0,99.86888888888888,96.83333333333334,95.0,59.0,114.0,3.0
127,"[83548990, 87980578, 90629724]",44888.0,3557.0,57.0,99.75111111111111,98.80555555555556,95.0,112.0,43.0,3.0
128,"[17774452, 90961227, 91414212]",43699.0,3573.0,41.0,97.10888888888888,99.25,68.33333333333333,1301.0,27.0,19.0
129,"[65041891, 76474021, 91690275]",44920.0,3581.0,46.0,99.82222222222222,99.4722222222222,76.66666666666667,80.0,19.0,14.0
130,"[30982070, 91708989]",44867.0,2484.0,30.0,99.70444444444443,69.0,50.0,133.0,1116.0,30.0
131,"[26261641, 92664960]",44940.0,2492.0,36.0,99.86666666666667,69.22222222222221,60.0,60.0,1108.0,24.0
132,"[47231795, 87449606, 92896992]",44971.0,3413.0,57.0,99.93555555555557,94.80555555555556,95.0,29.0,187.0,3.0
133,"[61665344, 93686301]",44149.0,2815.0,60.0,98.10888888888888,78.19444444444444,100.0,851.0,785.0,0.0
134,"[23227402, 15362668, 94276181]",44628.0,3442.0,44.0,99.17333333333332,95.61111111111111,73.33333333333333,372.0,158.0,16.0
135,"[76988534, 94453962, 95904906]",44648.0,3265.0,42.0,99.21777777777778,90.69444444444444,70.0,352.0,335.0,18.0
136,"[87348561, 91475874, 95493479]",44645.0,3404.0,56.0,99.21111111111112,94.55555555555556,93.33333333333331,355.0,196.0,4.0
137,"[96505775, 23292627, 95691280]",43765.0,3577.0,49.0,97.25555555555556,99.36111111111111,81.66666666666667,1235.0,23.0,11.0
138,"[25109477, 95756060]",44594.0,3564.0,26.0,99.09777777777778,99.0,43.333333333333336,406.0,36.0,34.0
139,"[93713908, 94636052, 96413897]",44989.0,3207.0,45.0,99.97555555555554,89.08333333333334,75.0,11.0,393.0,15.0
140,"[52090828, 73128713, 91890939]",44825.0,3105.0,33.0,99.6111111111111,86.25,55.00000000000001,175.0,495.0,27.0
141,"[93126763, 89326707, 84659773]",42243.0,3435.0,60.0,93.87333333333332,95.41666666666669,100.0,2757.0,165.0,0.0
142,"[85546087, 95634329]",38897.0,3117.0,60.0,86.43777777777778,86.58333333333333,100.0,6103.0,483.0,0.0
143,"[12569243, 93816485, 94147522]",44904.0,2318.0,41.0,99.78666666666666,64.38888888888889,68.33333333333333,96.0,1282.0,19.0
144,"[66051098, 85588445, 88848769]",44828.0,3557.0,29.0,99.6177777777778,98.80555555555556,48.333333333333336,172.0,43.0,31.0
145,"[59116773, 85306604]",43578.0,3566.0,50.0,96.84,99.05555555555556,83.33333333333334,1422.0,34.0,10.0
146,"[83383640, 94219781]",37920.0,3595.0,58.0,84.26666666666667,99.86111111111111,96.66666666666669,7080.0,5.0,2.0
147,"[76153477, 73907263, 87430422]",44848.0,3592.0,53.0,99.6622222222222,99.77777777777776,88.33333333333333,152.0,8.0,7.0
148,"[64486195, 22513207, 71880619]",44891.0,3439.0,52.0,99.75777777777778,95.52777777777776,86.66666666666667,109.0,161.0,8.0
149,"[17610240, 67221914]",44084.0,2469.0,60.0,97.96444444444444,68.58333333333333,100.0,916.0,1131.0,0.0
150,"[42325351, 73041789, 75785562]",43424.0,3571.0,60.0,96.49777777777778,99.19444444444444,100.0,1576.0,29.0,0.0
151,"[37151240, 62639528, 94064110]",44043.0,3598.0,49.0,97.87333333333332,99.94444444444444,81.66666666666667,957.0,2.0,11.0
152,"[19058548, 18468580, 34778476]",44984.0,3339.0,51.0,99.96444444444444,92.75,85.0,16.0,261.0,9.0
153,"[34284905, 82198157, 82360815, 91646011]",44992.0,2885.0,59.0,99.98222222222222,80.13888888888889,98.33333333333331,8.0,715.0,1.0
154,"[42239109, 75655210, 75675949]",43728.0,3359.0,60.0,97.17333333333332,93.30555555555556,100.0,1272.0,241.0,0.0
155,"[49625080, 88721169, 91612246]",44906.0,3581.0,31.0,99.7911111111111,99.4722222222222,51.66666666666667,94.0,19.0,29.0
156,"[11381536, 36314564, 55028239]",43245.0,3544.0,60.0,96.1,98.44444444444444,100.0,1755.0,56.0,0.0
157,"[46691434, 73644768, 83943248]",43481.0,3593.0,47.0,96.62444444444444,99.80555555555556,78.33333333333333,1519.0,7.0,13.0
158,"[57590712, 82306983, 91438554]",44843.0,3553.0,54.0,99.6511111111111,98.69444444444444,90.0,157.0,47.0,6.0
159,"[10142046, 41659420, 45959572, 74677479]",44677.0,2010.0,58.0,99.28222222222225,55.833333333333336,96.66666666666669,323.0,1590.0,2.0
160,"[91749539, 65247190, 34528642, 29214309, 24769811]",44974.0,3485.0,60.0,99.94222222222224,96.80555555555556,100.0,26.0,115.0,0.0
161,"[50135985, 89843404]",43647.0,3340.0,32.0,96.99333333333333,92.7777777777778,53.333333333333336,1353.0,260.0,28.0
162,"[93047688, 94700524]",43470.0,3513.0,44.0,96.6,97.58333333333331,73.33333333333333,1530.0,87.0,16.0
163,"[35855033, 29783510, 83356749]",43348.0,3582.0,51.0,96.32888888888888,99.5,85.0,1652.0,18.0,9.0
164,"[11287205, 22000216, 28023503]",44753.0,3479.0,56.0,99.45111111111112,96.63888888888889,93.33333333333331,247.0,121.0,4.0
165,"[29800110, 29841919]",44278.0,3042.0,47.0,98.39555555555556,84.5,78.33333333333333,722.0,558.0,13.0
166,"[43648566, 47572136]",42423.0,3545.0,38.0,94.27333333333333,98.47222222222224,63.33333333333333,2577.0,55.0,22.0
167,"[39016579, 37880472, 94386795]",41941.0,3523.0,59.0,93.20222222222222,97.86111111111111,98.33333333333331,3059.0,77.0,1.0
168,"[25745413, 51959511, 76899081]",44751.0,2978.0,59.0,99.44666666666669,82.72222222222221,98.33333333333331,249.0,622.0,1.0
169,"[30648749, 13498139, 18069445, 92026032]",42850.0,3500.0,35.0,95.2222222222222,97.2222222222222,58.333333333333336,2150.0,100.0,25.0
170,"[90395250, 57235304, 84616750]",43145.0,3563.0,51.0,95.87777777777777,98.9722222222222,85.0,1855.0,37.0,9.0
171,"[74224322, 84076063]",44489.0,1490.0,59.0,98.86444444444444,41.388888888888886,98.33333333333331,511.0,2110.0,1.0
172,"[55707924, 21129473, 66034910]",37876.0,3514.0,59.0,84.16888888888889,97.61111111111111,98.33333333333331,7124.0,86.0,1.0
173,"[94230879, 55175927]",43820.0,3209.0,50.0,97.37777777777778,89.13888888888889,83.33333333333334,1180.0,391.0,10.0
174,"[41312740, 48823764]",44198.0,2931.0,53.0,98.21777777777778,81.41666666666667,88.33333333333333,802.0,669.0,7.0
175,"[94077489, 25485706, 91780199]",44551.0,3486.0,42.0,99.00222222222224,96.83333333333334,70.0,449.0,114.0,18.0
176,"[38284690, 33846915]",44579.0,2924.0,48.0,99.06444444444443,81.22222222222221,80.0,421.0,676.0,12.0
177,"[92435895, 83650563, 40901354]",44522.0,3410.0,51.0,98.93777777777778,94.7222222222222,85.0,478.0,190.0,9.0
178,"[41051951, 89521153]",44229.0,3387.0,51.0,98.28666666666666,94.08333333333331,85.0,771.0,213.0,9.0
179,"[87249409, 78723986, 76109826]",44734.0,3329.0,46.0,99.4088888888889,92.47222222222224,76.66666666666667,266.0,271.0,14.0
180,"[20671285, 56892219, 73944561]",44971.0,3379.0,58.0,99.93555555555557,93.8611111111111,96.66666666666669,29.0,221.0,2.0
181,"[15197796, 96757066]",43584.0,3379.0,42.0,96.85333333333334,93.8611111111111,70.0,1416.0,221.0,18.0
182,"[86326745, 51374865, 45687868]",43382.0,3577.0,52.0,96.40444444444444,99.36111111111111,86.66666666666667,1618.0,23.0,8.0
183,"[58009674, 43791101]",40994.0,3526.0,52.0,91.09777777777778,97.94444444444444,86.66666666666667,4006.0,74.0,8.0
184,"[70260425, 31113424]",44241.0,3125.0,33.0,98.31333333333332,86.80555555555556,55.00000000000001,759.0,475.0,27.0
185,"[38067641, 51236342]",43534.0,3039.0,55.0,96.74222222222222,84.41666666666666,91.66666666666666,1466.0,561.0,5.0
186,"[20830316, 85970836, 83528024]",44349.0,3569.0,37.0,98.55333333333334,99.13888888888889,61.66666666666667,651.0,31.0,23.0
187,"[37730242, 33758453, 16303914]",43649.0,3571.0,60.0,96.99777777777778,99.19444444444444,100.0,1351.0,29.0,0.0
188,"[35061105, 54188577, 86187991]",44623.0,3290.0,34.0,99.1622222222222,91.38888888888889,56.66666666666666,377.0,310.0,26.0
189,"[75595311, 29597752]",44311.0,3483.0,35.0,98.46888888888888,96.75,58.333333333333336,689.0,117.0,25.0
190,"[24746651, 72659241]",44845.0,1599.0,58.0,99.65555555555557,44.41666666666666,96.66666666666669,155.0,2001.0,2.0
191,"[93765422, 93864917]",44237.0,3366.0,49.0,98.30444444444446,93.5,81.66666666666667,763.0,234.0,11.0
192,"[22384445, 85832094]",42085.0,3510.0,57.0,93.5222222222222,97.5,95.0,2915.0,90.0,3.0
193,"[77742641, 92661595, 89884811]",40875.0,2726.0,57.0,90.83333333333331,75.72222222222223,95.0,4125.0,874.0,3.0
194,"[49655822, 47362460]",43344.0,3555.0,28.0,96.32,98.75,46.66666666666666,1656.0,45.0,32.0
195,"[39967982, 11093440]",44990.0,3356.0,58.0,99.97777777777776,93.2222222222222,96.66666666666669,10.0,244.0,2.0
196,"[78870693, 69069164]",44843.0,3153.0,39.0,99.6511111111111,87.58333333333333,65.0,157.0,447.0,21.0
197,"[67915403, 72726403]",38471.0,3586.0,52.0,85.49111111111111,99.6111111111111,86.66666666666667,6529.0,14.0,8.0
198,"[49942201, 28949197]",44366.0,2637.0,53.0,98.5911111111111,73.25,88.33333333333333,634.0,963.0,7.0
199,"[75645620, 54884953, 45255933]",44447.0,3178.0,52.0,98.77111111111113,88.27777777777777,86.66666666666667,553.0,422.0,8.0
200,"[71315887, 80485111, 40701903]",44899.0,3514.0,42.0,99.77555555555556,97.61111111111111,70.0,101.0,86.0,18.0
201,"[27495674, 35271392]",44459.0,3123.0,46.0,98.79777777777775,86.75,76.66666666666667,541.0,477.0,14.0
202,"[44317668, 81553387]",44758.0,3496.0,34.0,99.46222222222222,97.11111111111111,56.66666666666666,242.0,104.0,26.0
203,"[81845234, 90571742]",39761.0,3175.0,59.0,88.35777777777778,88.19444444444444,98.33333333333331,5239.0,425.0,1.0
204,"[85119040, 74620619, 74404621]",44152.0,3529.0,48.0,98.11555555555556,98.0277777777778,80.0,848.0,71.0,12.0
205,"[62986822, 83417007]",43578.0,3290.0,39.0,96.84,91.38888888888889,65.0,1422.0,310.0,21.0
206,"[40029520, 89649059, 83455928]",44400.0,3176.0,59.0,98.66666666666669,88.22222222222223,98.33333333333331,600.0,424.0,1.0
207,"[20590854, 93855226]",44469.0,3539.0,39.0,98.82,98.30555555555556,65.0,531.0,61.0,21.0
208,"[27831698, 83389159]",43990.0,808.0,58.0,97.75555555555556,22.444444444444443,96.66666666666669,1010.0,2792.0,2.0
209,"[35219401, 42127697, 49091188]",44998.0,3305.0,48.0,99.99555555555555,91.80555555555556,80.0,2.0,295.0,12.0
210,"[38577486, 90427660]",44431.0,3291.0,40.0,98.73555555555556,91.41666666666669,66.66666666666666,569.0,309.0,20.0
211,"[39317113, 59856278]",44173.0,3555.0,35.0,98.1622222222222,98.75,58.333333333333336,827.0,45.0,25.0
212,"[83007689, 69570061, 91336127]",44697.0,3292.0,50.0,99.32666666666668,91.44444444444444,83.33333333333334,303.0,308.0,10.0
213,"[96290440, 84230923, 88275886]",44314.0,2938.0,48.0,98.47555555555556,81.61111111111111,80.0,686.0,662.0,12.0
214,"[65674858, 57304062, 89897615]",44622.0,3113.0,59.0,99.16,86.47222222222221,98.33333333333331,378.0,487.0,1.0
215,"[73533710, 89010704]",43394.0,2913.0,60.0,96.43111111111112,80.91666666666667,100.0,1606.0,687.0,0.0
216,"[73960768, 74479790, 90460062]",44687.0,2925.0,45.0,99.30444444444444,81.25,75.0,313.0,675.0,15.0
217,"[11097901, 76636214]",44369.0,3224.0,47.0,98.59777777777778,89.55555555555556,78.33333333333333,631.0,376.0,13.0
218,"[56669300, 94457179, 83303578]",43803.0,3544.0,50.0,97.34,98.44444444444444,83.33333333333334,1197.0,56.0,10.0
219,"[43203808, 74431224, 83423741]",44786.0,2922.0,55.0,99.52444444444446,81.16666666666667,91.66666666666666,214.0,678.0,5.0
220,"[85118671, 86464691]",44991.0,3506.0,34.0,99.98,97.38888888888889,56.66666666666666,9.0,94.0,26.0
221,"[64340223, 88301013]",43267.0,3467.0,38.0,96.14888888888888,96.30555555555556,63.33333333333333,1733.0,133.0,22.0
222,"[92355704, 89252984]",44963.0,2850.0,52.0,99.9177777777778,79.16666666666666,86.66666666666667,37.0,750.0,8.0
223,"[71192542, 89450551]",42478.0,3504.0,55.0,94.39555555555556,97.33333333333334,91.66666666666666,2522.0,96.0,5.0
224,"[27350399, 92202565]",44927.0,3549.0,53.0,99.83777777777776,98.58333333333331,88.33333333333333,73.0,51.0,7.0
225,"[84964768, 93754802]",44468.0,3476.0,59.0,98.81777777777778,96.55555555555554,98.33333333333331,532.0,124.0,1.0
226,"[97817472, 94342581]",43618.0,3538.0,54.0,96.92888888888888,98.27777777777776,90.0,1382.0,62.0,6.0
227,"[77262317, 70684574, 94823021]",44973.0,3573.0,49.0,99.94,99.25,81.66666666666667,27.0,27.0,11.0
228,"[58044569, 94835482]",41531.0,3491.0,57.0,92.2911111111111,96.97222222222224,95.0,3469.0,109.0,3.0
229,"[70590586, 18312530, 95345587]",44500.0,3524.0,56.0,98.88888888888889,97.88888888888889,93.33333333333331,500.0,76.0,4.0
230,"[75553143, 85585971, 95924279]",44001.0,3577.0,46.0,97.78,99.36111111111111,76.66666666666667,999.0,23.0,14.0
231,"[26492002, 96536743]",42301.0,3409.0,49.0,94.00222222222222,94.69444444444444,81.66666666666667,2699.0,191.0,11.0
232,"[45958723, 83860574, 86385504]",44092.0,3145.0,32.0,97.98222222222222,87.36111111111111,53.333333333333336,908.0,455.0,28.0
233,"[26695468, 55340500]",44832.0,3355.0,51.0,99.62666666666668,93.19444444444444,85.0,168.0,245.0,9.0
234,"[49021766, 89833928]",39816.0,3444.0,60.0,88.48,95.66666666666669,100.0,5184.0,156.0,0.0
235,"[43752435, 73921012]",43449.0,3247.0,52.0,96.55333333333334,90.19444444444444,86.66666666666667,1551.0,353.0,8.0
236,"[73341105, 95984497]",43824.0,3259.0,28.0,97.38666666666668,90.52777777777776,46.66666666666666,1176.0,341.0,32.0
237,"[73499381, 88842130]",44732.0,3595.0,49.0,99.40444444444444,99.86111111111111,81.66666666666667,268.0,5.0,11.0
238,"[72869889, 63414978]",40461.0,3440.0,57.0,89.91333333333333,95.55555555555556,95.0,4539.0,160.0,3.0
239,"[56159148, 28204730, 26271229]",44964.0,3358.0,47.0,99.92,93.2777777777778,78.33333333333333,36.0,242.0,13.0
240,"[67326549, 85236250]",43408.0,3465.0,39.0,96.46222222222222,96.25,65.0,1592.0,135.0,21.0
241,"[35749913, 87654946, 93251494]",44559.0,3267.0,31.0,99.02,90.75,51.66666666666667,441.0,333.0,29.0
242,"[82249015, 33326815]",44276.0,3169.0,39.0,98.3911111111111,88.02777777777779,65.0,724.0,431.0,21.0
243,"[77417648, 19702106]",43226.0,3382.0,60.0,96.05777777777776,93.94444444444444,100.0,1774.0,218.0,0.0
244,"[51226204, 49674740]",44327.0,3430.0,43.0,98.50444444444445,95.27777777777776,71.66666666666667,673.0,170.0,17.0
245,"[55049695, 40604676, 76273037]",44958.0,3355.0,48.0,99.90666666666668,93.19444444444444,80.0,42.0,245.0,12.0
246,"[80598556, 87714364]",41542.0,3557.0,55.0,92.31555555555556,98.80555555555556,91.66666666666666,3458.0,43.0,5.0
247,"[58106041, 96542602]",44951.0,3574.0,45.0,99.89111111111112,99.27777777777776,75.0,49.0,26.0,15.0
248,"[86619419, 75301268, 90748645]",44837.0,2983.0,43.0,99.6377777777778,82.86111111111111,71.66666666666667,163.0,617.0,17.0
249,"[66527676, 88009879, 75469684]",44995.0,3540.0,53.0,99.9888888888889,98.33333333333331,88.33333333333333,5.0,60.0,7.0
250,"[54907431, 13730217]",43981.0,3492.0,42.0,97.73555555555556,97.0,70.0,1019.0,108.0,18.0
251,"[40652083, 83001249]",40287.0,3453.0,60.0,89.52666666666667,95.91666666666666,100.0,4713.0,147.0,0.0
252,"[32588901, 90313921]",44708.0,3577.0,42.0,99.35111111111112,99.36111111111111,70.0,292.0,23.0,18.0
253,"[44893550, 93913528, 90287868]",43801.0,3382.0,48.0,97.33555555555556,93.94444444444444,80.0,1199.0,218.0,12.0
254,"[57224041, 40188339]",44880.0,3327.0,34.0,99.73333333333332,92.41666666666669,56.66666666666666,120.0,273.0,26.0
255,"[56476013, 27568525, 87846175, 87941529]",44081.0,3328.0,52.0,97.95777777777778,92.44444444444444,86.66666666666667,919.0,272.0,8.0
256,"[81572573, 89551389, 76188602, 80458451]",44416.0,3593.0,59.0,98.70222222222222,99.80555555555556,98.33333333333331,584.0,7.0,1.0
257,"[13671643, 80055594, 83731454]",44199.0,2840.0,57.0,98.22,78.88888888888889,95.0,801.0,760.0,3.0
258,"[75571926, 89972223]",43636.0,3306.0,60.0,96.9688888888889,91.83333333333331,100.0,1364.0,294.0,0.0
259,"[21535141, 86700066, 99930842, 73956919]",43337.0,3105.0,59.0,96.30444444444444,86.25,98.33333333333331,1663.0,495.0,1.0
260,"[71406992, 95388961, 54378683]",44754.0,3297.0,53.0,99.45333333333332,91.58333333333334,88.33333333333333,246.0,303.0,7.0
261,"[13423472, 92474608]",41857.0,3573.0,42.0,93.01555555555557,99.25,70.0,3143.0,27.0,18.0
262,"[77547998, 77040825, 89357542]",44641.0,3219.0,57.0,99.20222222222222,89.41666666666667,95.0,359.0,381.0,3.0
263,"[30886297, 92961659]",44637.0,3415.0,48.0,99.19333333333331,94.86111111111111,80.0,363.0,185.0,12.0
264,"[59427579, 76435473]",41565.0,3431.0,45.0,92.36666666666666,95.30555555555556,75.0,3435.0,169.0,15.0
265,"[97808076, 71578749]",44532.0,3444.0,55.0,98.96,95.66666666666669,91.66666666666666,468.0,156.0,5.0
266,"[17708789, 37355174, 62123461]",43992.0,3502.0,48.0,97.76,97.27777777777776,80.0,1008.0,98.0,12.0
267,"[36340624, 17511338, 53138022, 89698602]",44992.0,3448.0,58.0,99.98222222222222,95.77777777777776,96.66666666666669,8.0,152.0,2.0
